№,Country/Economy,Economy Status,% Industry Jobs Lost,% Agriculture Jobs Lost,% Service Jobs Lost,Agricultural (%),Industrial (%),Service (%),Agriculture Impact,Industrial Impact,Service Impact,Overall Impact,Agricultural Worriness,Industrial Worriness,Service Worriness,AI Readiness Index,Tech Index,Industrial (US$MM),Service (US$MM),Agricultural (US$MM),Total GDP (US$MM),Increase --> https://www3.weforum.org/docs/WEF_Future_of_Jobs_2023.pdf
1,China,Emerging,40.00%,25.00%,17.50%,7.90%,40.50%,51.60%,0.0198,0.1620,0.09,0.2721,0.07259694909,0.5954787723,0.3319242786,70.94,60.76,"9,400,050","11,976,360","1,833,590","23,210,000",0.3
3,United States of America,Developed,30.00%,40.00%,22.50%,0.90%,19.10%,80.00%,0.0036,0.0573,0.18,0.2409,0.01494396015,0.2378580324,0.7471980075,84.8,81.02,"3,722,590","15,592,000","175,410","19,490,000",0.3
4,India,Emerging,40.00%,25.00%,17.50%,15.40%,23.00%,61.60%,0.0385,0.0920,0.11,0.2383,0.1615610575,0.3860679815,0.452370961,62.58,49.39,"2,179,020","5,826,510","1,458,996","9,474,000",0.3
5,Japan,Developed,30.00%,40.00%,22.50%,1.10%,30.10%,68.70%,0.0044,0.0903,0.15,0.2493,0.01765118845,0.3622505265,0.620098285,75.08,56.85,"1,638,343","3,739,341","59,873","5,443,000",0.3
6,Germany,Developed,30.00%,40.00%,22.50%,0.70%,30.70%,68.60%,0.0028,0.0921,0.15,0.2493,0.0112337011,0.3695085256,0.6192577733,75.26,63.28,"1,289,093","2,880,514","29,393","4,199,000",0.3
7,Russian Federation,Developed,30.00%,40.00%,22.50%,4.70%,32.40%,62.30%,0.0188,0.0972,0.14,0.2562,0.07338733288,0.3794281253,0.5471845418,62.92,43.38,"1,301,184","2,501,968","188,752","4,016,000",0.3
8,Indonesia,Emerging,40.00%,25.00%,17.50%,13.70%,41.00%,45.40%,0.0343,0.1640,0.08,0.2777,0.1233345337,0.5905653583,0.286100108,61.03,43.48,"1,332,500","1,475,500","445,250","3,250,000",0.3
9,Brazil,Emerging,40.00%,25.00%,17.50%,6.60%,20.70%,72.70%,0.0165,0.0828,0.13,0.2265,0.07283964242,0.3655225693,0.5616377883,63.7,45.08,"672,336","2,361,296","214,368","3,248,000",0.3
10,France,Developed,30.00%,40.00%,22.50%,1.70%,20.20%,79.20%,0.0068,0.0606,0.18,0.2456,0.02768729642,0.246742671,0.7255700326,76.07,60.4,"633,473","2,377,684","49,484","2,956,000",0.3
11,United Kingdom,Developed,30.00%,40.00%,22.50%,0.70%,20.20%,79.20%,0.0028,0.0606,0.18,0.2416,0.01158940397,0.2508278146,0.7375827815,78.57,68.8,"590,850","2,316,600","20,475","2,925,000",0.3
12,Mexico,Emerging,40.00%,25.00%,17.50%,3.60%,31.90%,64.50%,0.0090,0.1276,0.11,0.2495,0.03607575909,0.5114740956,0.4524501453,50.37,39.55,"785,697","1,588,635","88,668","2,463,000",0.3
13,Italy,Developed,30.00%,40.00%,22.50%,2.10%,23.90%,73.90%,0.0084,0.0717,0.17,0.2464,0.03409436834,0.2910197869,0.6748858447,67.63,50.98,"553,763","1,712,263","48,657","2,317,000",0.3
14,Turkey,Emerging,40.00%,25.00%,17.50%,6.80%,32.30%,60.70%,0.0170,0.1292,0.11,0.2524,0.06734673665,0.5118351986,0.4208180648,60.51,42.32,"706,078","1,326,902","148,648","2,186,000",0.3
15,"Korea, Republic of",Developed,30.00%,40.00%,22.50%,2.20%,39.30%,58.30%,0.0088,0.1179,0.13,0.2579,0.03412506059,0.457198255,0.5086766844,75.65,54.36,"799,755","1,186,405","44,770","2,035,000",0.3
16,Spain,Developed,30.00%,40.00%,22.50%,2.60%,23.20%,74.20%,0.0104,0.0696,0.17,0.2470,0.04211378822,0.2818384288,0.676047783,67.47,50.96,"412,496","1,319,276","46,228","1,778,000",0.3
17,Saudi Arabia,Emerging,40.00%,25.00%,17.50%,2.60%,44.20%,53.20%,0.0065,0.1768,0.09,0.2764,0.02351664255,0.6396526773,0.3368306802,67.04,49.59,"784,550","944,300","46,150","1,775,000",0.3
18,Canada,Developed,30.00%,40.00%,22.50%,1.60%,28.20%,70.20%,0.0064,0.0846,0.16,0.2490,0.02570797349,0.3398272746,0.634464752,77.07,64.73,"500,268","1,245,348","28,384","1,774,000",0.3
19,"Iran, Islamic Republic of",Emerging,40.00%,25.00%,17.50%,9.60%,35.30%,55.00%,0.0240,0.1412,0.10,0.2615,0.09179575445,0.540065022,0.3681392236,42.07,38.77,"578,920","902,000","157,440","1,640,000",0.3
20,Australia,Developed,30.00%,40.00%,22.50%,3.60%,25.30%,71.20%,0.0144,0.0759,0.16,0.2505,0.05748502994,0.302994012,0.6395209581,73.89,52.57,"315,744","888,576","44,928","1,248,000",0.3
21,Thailand,Emerging,40.00%,25.00%,17.50%,8.20%,36.20%,55.60%,0.0205,0.1448,0.10,0.2626,0.07806549886,0.5514089871,0.3705255141,63.03,41.33,"447,432","687,216","101,352","1,236,000",0.3
22,Egypt,Emerging,40.00%,25.00%,17.50%,11.70%,34.30%,54.00%,0.0293,0.1372,0.09,0.2610,0.1120904388,0.5257712205,0.3621383407,52.69,40.11,"412,972","650,160","140,868","1,204,000",0.3
23,Taiwan,Emerging,40.00%,25.00%,17.50%,1.80%,36.00%,62.10%,0.0045,0.1440,0.11,0.2572,0.01749781277,0.5599300087,0.4225721785,,,"428,040","738,369","21,402","1,189,000",0.3
24,Poland,Developed,30.00%,40.00%,22.50%,2.40%,40.20%,57.40%,0.0096,0.1206,0.13,0.2594,0.03701561596,0.4650086755,0.4979757085,63.1,46.84,"452,652","646,324","27,024","1,126,000",0.3
25,Nigeria,Emerging,40.00%,25.00%,17.50%,21.10%,22.50%,56.40%,0.0528,0.0900,0.10,0.2415,0.2184717333,0.3727479809,0.4087802858,39.88,24.49,"252,225","632,244","236,531","1,121,000",0.3
26,Pakistan,Emerging,40.00%,25.00%,17.50%,24.40%,19.10%,56.50%,0.0610,0.0764,0.10,0.2363,0.2581737382,0.3233520262,0.4184742355,42.2,34.07,"202,651","599,465","258,884","1,061,000",0.3
27,Malaysia,Emerging,40.00%,25.00%,17.50%,8.80%,37.60%,53.60%,0.0220,0.1504,0.09,0.2662,0.0826446281,0.5649887303,0.3523666416,68.71,54.13,"350,921","500,249","82,130","933,300",0.3
28,Netherlands,Developed,30.00%,40.00%,22.50%,1.60%,17.90%,70.20%,0.0064,0.0537,0.16,0.2181,0.02935106627,0.2462737904,0.7243751433,74.47,61.96,"165,468","648,929","14,790","924,400",0.3
29,Argentina,Emerging,40.00%,25.00%,17.50%,10.80%,28.10%,61.10%,0.0270,0.1124,0.11,0.2463,0.1096112859,0.4563077235,0.4340809906,57.72,35.27,"259,110","563,403","99,587","922,100",0.3
30,Philippines,Emerging,40.00%,25.00%,17.50%,9.60%,30.60%,59.80%,0.0240,0.1224,0.10,0.2511,0.09559848636,0.4875522804,0.4168492332,51.98,34.38,"268,423","524,566","84,211","877,200",0.3
31,South Africa,Emerging,40.00%,25.00%,17.50%,2.80%,29.70%,67.50%,0.0070,0.1188,0.12,0.2439,0.0286973455,0.4870349493,0.4842677052,47.28,40.22,"227,858","517,860","21,482","767,200",0.3
32,Colombia,Emerging,40.00%,25.00%,17.50%,7.20%,30.80%,62.10%,0.0180,0.1232,0.11,0.2499,0.07203601801,0.4930465233,0.4349174587,57.85,35.28,"219,173","441,904","51,235","711,600",0.3
33,United Arab Emirates,Emerging,40.00%,25.00%,17.50%,0.90%,49.80%,49.20%,0.0023,0.1992,0.09,0.2876,0.007824726135,0.6927490871,0.2994261868,70.42,56.67,"346,608","342,432","6,264","696,000",0.3
34,Bangladesh,Developing,17.50%,15.00%,12.50%,14.20%,29.30%,56.50%,0.0213,0.0513,0.07,0.1432,0.1487430168,0.3580656425,0.4931913408,46.04,26.07,"202,258","390,020","98,023","690,300",0.3
35,Iraq,Emerging,40.00%,25.00%,17.50%,3.30%,51.00%,45.80%,0.0083,0.2040,0.08,0.2924,0.02821477428,0.6976744186,0.2741108071,33.4,29.07,"331,143","297,379","21,427","649,300",0.3
36,Vietnam,Emerging,40.00%,25.00%,17.50%,15.30%,33.30%,51.30%,0.0383,0.1332,0.09,0.2612,0.1464254953,0.5099052541,0.3436692506,54.48,37.82,"216,017","332,783","99,251","648,700",0.3
37,Algeria,Emerging,40.00%,25.00%,17.50%,13.30%,39.30%,47.40%,0.0333,0.1572,0.08,0.2734,0.1216166789,0.5749817118,0.3034016094,35.99,30.56,"247,590","298,620","83,790","630,000",0.3
38,Belgium,Developed,30.00%,40.00%,22.50%,0.70%,22.10%,77.20%,0.0028,0.0663,0.17,0.2428,0.01153212521,0.2730642504,0.7154036244,67.28,56.02,"116,953","408,542","3,704","529,200",0.3
39,Singapore,Emerging,40.00%,25.00%,17.50%,0.00%,24.80%,75.20%,0.0000,0.0992,0.13,0.2308,0,0.4298093588,0.5701906412,81.97,66.19,"130,969","397,131",0,"528,100",0.3
40,Switzerland,Developed,30.00%,40.00%,22.50%,0.70%,25.60%,73.70%,0.0028,0.0768,0.17,0.2454,0.01140878069,0.312926556,0.6756646633,68.57,62.96,"133,914","385,525","3,662","523,100",0.3
41,Sweden,Developed,30.00%,40.00%,22.50%,1.60%,33.00%,65.40%,0.0064,0.0990,0.15,0.2526,0.02534151653,0.3920015838,0.5826568996,72.55,62.71,"170,940","338,772","8,288","518,000",0.3
42,Romania,Developed,30.00%,40.00%,22.50%,4.20%,33.20%,62.60%,0.0168,0.0996,0.14,0.2573,0.06530612245,0.3871720117,0.5475218659,52.32,39.23,"160,489","302,608","20,303","483,400",0.3
43,Kazakhstan,Emerging,40.00%,25.00%,17.50%,4.70%,34.10%,61.20%,0.0118,0.1364,0.11,0.2553,0.04603330069,0.5343780607,0.4195886386,48.56,30.97,"163,203","292,903","22,494","478,600",0.3
44,Hong Kong,Emerging,40.00%,25.00%,17.50%,0.10%,7.60%,92.30%,0.0003,0.0304,0.16,0.1922,0.001300897619,0.1581891505,0.8405099519,,,"34,648","420,796",456,"455,900",0.3
45,Chile,Emerging,40.00%,25.00%,17.50%,4.20%,32.80%,63.00%,0.0105,0.1312,0.11,0.2520,0.0416749355,0.5207382417,0.4375868228,61.95,40.91,"148,289","284,823","18,988","452,100",0.3
46,Austria,Developed,30.00%,40.00%,22.50%,1.30%,28.40%,70.30%,0.0052,0.0852,0.16,0.2486,0.02091923967,0.3427536961,0.6363270643,72.37,56.43,"125,244","310,023","5,733","441,000",0.3
47,Peru,Emerging,40.00%,25.00%,17.50%,7.60%,32.70%,59.90%,0.0190,0.1308,0.10,0.2546,0.07461953854,0.5136966127,0.4116838488,54.87,32.29,"140,708","257,750","32,703","430,300",0.3
48,"Venezuela, Bolivarian Republic of",Emerging,40.00%,25.00%,17.50%,4.70%,40.40%,54.90%,0.0118,0.1616,0.10,0.2694,0.04361139464,0.5997958616,0.3565927438,29.2,26.14,"154,166","209,498","17,935","381,600",0.3
49,Norway,Developed,30.00%,40.00%,22.50%,2.30%,33.70%,64.00%,0.0092,0.1011,0.14,0.2543,0.03617774282,0.3975619347,0.5662603225,72.71,54.97,"128,464","243,968","8,768","381,200",0.3
50,Czechia,Developed,30.00%,40.00%,22.50%,2.30%,36.90%,60.80%,0.0092,0.1107,0.14,0.2567,0.03583950136,0.4312426958,0.5329178029,65.17,47.72,"138,707","228,547","8,646","375,900",0.3
51,Ukraine,Developed,30.00%,40.00%,22.50%,12.20%,28.60%,60.00%,0.0488,0.0858,0.14,0.2696,0.1810089021,0.3182492582,0.5007418398,53.29,36.18,"105,706","221,760","45,091","369,600",0.3
52,Ireland,Developed,30.00%,40.00%,22.50%,1.20%,38.60%,60.20%,0.0048,0.1158,0.14,0.2561,0.01874633861,0.4522554189,0.5289982425,69.82,56.96,"136,374","212,687","4,240","353,300",0.3
53,Qatar,Emerging,40.00%,25.00%,17.50%,0.20%,50.30%,49.50%,0.0005,0.2012,0.09,0.2883,0.001734154166,0.6978236365,0.3004422093,63.59,44.31,"170,769","168,053",679,"339,500",0.3
54,Myanmar,Developing,17.50%,15.00%,12.50%,24.10%,35.60%,40.30%,0.0362,0.0623,0.05,0.1488,0.2429027381,0.4186124643,0.3384847976,30.91,27.98,"117,409","132,909","79,482","329,800",0.3
56,Portugal,Developed,30.00%,40.00%,22.50%,2.20%,22.10%,75.70%,0.0088,0.0663,0.17,0.2454,0.03585616787,0.2701436284,0.6940002037,68.28,50.95,"69,416","237,774","6,910","314,100",0.3
57,Greece,Developed,30.00%,40.00%,22.50%,4.10%,16.90%,79.10%,0.0164,0.0507,0.18,0.2451,0.06691829032,0.2068754463,0.7262062634,57.95,48.37,"50,582","236,746","12,271","299,300",0.3
58,Morocco,Emerging,40.00%,25.00%,17.50%,14.00%,29.50%,56.50%,0.0350,0.1180,0.10,0.2519,0.1389578164,0.4684863524,0.3925558313,43.34,35.69,"88,087","168,709","41,804","298,600",0.3
59,Kuwait,Emerging,40.00%,25.00%,17.50%,0.40%,58.70%,40.90%,0.0010,0.2348,0.07,0.3074,0.003253355022,0.7638877593,0.2328588857,49.86,40.58,"170,054","118,487","1,159","289,700",0.3
60,Hungary,Emerging,40.00%,25.00%,17.50%,3.90%,31.30%,64.80%,0.0098,0.1252,0.11,0.2484,0.03925911013,0.5041272398,0.4566136501,60.66,42.2,"90,645","187,661","11,294","289,600",0.3
61,Denmark,Developed,30.00%,40.00%,22.50%,1.30%,22.90%,75.80%,0.0052,0.0687,0.17,0.2445,0.02127224381,0.2810390673,0.6976886889,73.91,59.98,"65,906","218,152","3,741","287,800",0.3
62,Sri Lanka,Emerging,40.00%,25.00%,17.50%,7.80%,30.50%,61.70%,0.0195,0.1220,0.11,0.2495,0.0781641447,0.4890269566,0.4328088987,41.89,33.02,"84,119","170,169","21,512","275,800",0.3
63,Finland,Developed,30.00%,40.00%,22.50%,2.70%,28.20%,69.10%,0.0108,0.0846,0.16,0.2509,0.04304932735,0.3372197309,0.6197309417,77.37,60.36,"69,062","169,226","6,612","244,900",0.3
64,Uzbekistan,Emerging,40.00%,25.00%,17.50%,17.90%,33.70%,48.50%,0.0448,0.1348,0.08,0.2644,0.1692351328,0.5097853834,0.3209794838,,,"75,151","108,155","39,917","223,000",0.3
65,Ethiopia,Developing,17.50%,15.00%,12.50%,34.80%,21.60%,43.60%,0.0522,0.0378,0.05,0.1445,0.3612456747,0.2615916955,0.3771626298,32.59,20.35,"43,330","87,462","69,809","200,600",0.3
66,Angola,Developing,17.50%,15.00%,12.50%,10.20%,61.40%,28.40%,0.0153,0.1075,0.04,0.1583,0.09668246445,0.6789889415,0.224328594,29.14,18.51,"118,870","54,982","19,747","193,600",0.3
67,Ecuador,Emerging,40.00%,25.00%,17.50%,6.70%,32.90%,60.40%,0.0168,0.1316,0.11,0.2541,0.06593190317,0.5180082661,0.4160598307,40.84,27.82,"63,497","116,572","12,931","193,000",0.3
68,Oman,Emerging,40.00%,25.00%,17.50%,1.80%,46.40%,51.80%,0.0045,0.1856,0.09,0.2808,0.0160284951,0.6610863758,0.3228851291,58.94,37.71,"88,206","98,472","3,422","190,100",0.3
69,New Zealand,Developed,30.00%,40.00%,22.50%,5.70%,21.50%,72.80%,0.0228,0.0645,0.16,0.2511,0.0908004779,0.256869773,0.6523297491,60.18,47.05,"40,635","137,592","10,773","189,000",0.3
70,Slovakia,Developed,30.00%,40.00%,22.50%,3.80%,35.00%,61.20%,0.0152,0.1050,0.14,0.2579,0.0589375727,0.4071345483,0.533927879,60.73,40.6,"62,895","109,976","6,829","179,700",0.3
71,Belarus,Developed,30.00%,40.00%,22.50%,8.10%,40.80%,51.10%,0.0324,0.1224,0.11,0.2698,0.1201000834,0.4537114262,0.4261884904,39.2,32.28,"73,195","91,673","14,531","179,400",0.3
72,Sudan,Developing,17.50%,15.00%,12.50%,39.60%,2.60%,57.80%,0.0594,0.0046,0.07,0.1362,0.436123348,0.03340675477,0.5304698972,24.51,23.35,"4,612","102,537","70,250","177,400",0.3
73,Dominican Republic,Emerging,40.00%,25.00%,17.50%,5.60%,33.00%,61.40%,0.0140,0.1320,0.11,0.2535,0.05523771947,0.5208127836,0.4239494969,50.71,25.34,"57,090","106,222","9,688","173,000",0.3
74,Azerbaijan,Emerging,40.00%,25.00%,17.50%,6.10%,53.50%,40.40%,0.0153,0.2140,0.07,0.3000,0.05084180697,0.713452242,0.235705951,48.15,30.77,"92,127","69,569","10,504","172,200",0.3
75,Kenya,Emerging,40.00%,25.00%,17.50%,34.50%,17.80%,47.50%,0.0863,0.0712,0.08,0.2406,0.3585160553,0.2959576016,0.3455263431,40.19,28.95,"29,139","77,758","56,477","163,700",0.3
76,"Tanzania, United Republic of",Developing,17.50%,15.00%,12.50%,23.40%,28.60%,47.60%,0.0351,0.0501,0.06,0.1447,0.2426546837,0.3460076046,0.4113377117,32.86,20.71,"46,475","77,350","38,025","162,500",0.3
77,Bulgaria,Emerging,40.00%,25.00%,17.50%,4.30%,28.00%,67.40%,0.0108,0.1120,0.12,0.2407,0.04466140424,0.4653095139,0.4900290818,58.64,38.17,"42,980","103,459","6,601","153,500",0.3
78,Guatemala,Emerging,40.00%,25.00%,17.50%,13.30%,23.40%,63.20%,0.0333,0.0936,0.11,0.2375,0.1400294799,0.3941882502,0.46578227,35.76,24.94,"32,315","87,279","18,367","138,100",0.3
79,Tunisia,Emerging,40.00%,25.00%,17.50%,10.10%,26.20%,63.80%,0.0253,0.1048,0.11,0.2417,0.1044683492,0.4335953662,0.4619362847,46.07,38.47,"36,077","87,853","13,908","137,700",0.3
80,Cuba,Emerging,40.00%,25.00%,17.50%,4.00%,22.70%,73.40%,0.0100,0.0908,0.13,0.2293,0.04362050164,0.3960741549,0.5603053435,35.52,27.09,"31,099","100,558","5,480","137,000",0.3
81,Ghana,Emerging,40.00%,25.00%,17.50%,18.30%,24.50%,57.20%,0.0458,0.0980,0.10,0.2439,0.1876153373,0.4018864056,0.4104982571,32.58,23.23,"32,830","76,648","24,522","134,000",0.3
82,Puerto Rico,Emerging,40.00%,25.00%,17.50%,0.80%,50.10%,49.10%,0.0020,0.2004,0.09,0.2883,0.006936616665,0.6950489899,0.2980143935,,,"65,130","63,830","1,040","130,000",0.3
83,Serbia,Developed,30.00%,40.00%,22.50%,9.80%,41.10%,49.10%,0.0392,0.1233,0.11,0.2730,0.143602894,0.4516897152,0.4047073908,55.57,37.13,"43,443","51,899","10,359","105,700",0.3
84,Panama,Emerging,40.00%,25.00%,17.50%,2.40%,15.70%,82.00%,0.0060,0.0628,0.14,0.2123,0.02826189355,0.2958078191,0.6759302873,43.91,33.26,"16,344","85,362","2,498","104,100",0.3
85,Turkmenistan,Emerging,40.00%,25.00%,17.50%,7.50%,44.90%,47.70%,0.0188,0.1796,0.08,0.2818,0.06653064845,0.6372749046,0.2961944469,31.17,30.51,"46,561","49,465","7,778","103,700",0.3
86,Croatia,Developed,30.00%,40.00%,22.50%,3.70%,26.20%,70.10%,0.0148,0.0786,0.16,0.2511,0.05893479343,0.3129915381,0.6280736685,49.34,39.35,"26,750","71,572","3,778","102,100",0.3
87,Côte d'Ivoire,Emerging,40.00%,25.00%,17.50%,20.10%,26.60%,53.30%,0.0503,0.1064,0.09,0.2499,0.2010603181,0.4257277183,0.3732119636,32.78,20.28,"25,845","51,786","19,529","97,160",0.3
88,Lithuania,Developed,30.00%,40.00%,22.50%,3.50%,29.40%,67.20%,0.0140,0.0882,0.15,0.2534,0.05524861878,0.3480662983,0.5966850829,63.33,43.7,"26,892","61,468","3,201","91,470",0.3
89,Cameroon,Emerging,40.00%,25.00%,17.50%,16.70%,26.50%,56.80%,0.0418,0.1060,0.10,0.2472,0.1689257536,0.4288893385,0.402184908,30.27,22.07,"23,728","50,859","14,953","89,540",0.3
90,Uganda,Developing,17.50%,15.00%,12.50%,28.20%,21.10%,50.70%,0.0423,0.0369,0.06,0.1426,0.2966339411,0.258941094,0.4444249649,33.44,20.96,"18,819","45,219","25,152","89,190",0.3
91,Jordan,Emerging,40.00%,25.00%,17.50%,4.50%,28.80%,66.60%,0.0113,0.1152,0.12,0.2430,0.0462962963,0.4740740741,0.4796296296,56.85,40.62,"25,632","59,274","4,005","89,000",0.3
92,Paraguay,Emerging,40.00%,25.00%,17.50%,17.90%,27.70%,54.50%,0.0448,0.1108,0.10,0.2509,0.1783401415,0.441566205,0.3800936535,36.85,24.32,"24,628","48,456","15,915","88,910",0.3
93,Lebanon,Emerging,40.00%,25.00%,17.50%,3.90%,13.10%,83.00%,0.0098,0.0524,0.15,0.2074,0.04701060752,0.2526518804,0.7003375121,47.62,36.99,"11,561","73,248","3,442","88,250",0.3
94,Costa Rica,Emerging,40.00%,25.00%,17.50%,5.50%,20.60%,73.90%,0.0138,0.0824,0.13,0.2255,0.06098237055,0.3654507152,0.5735669143,49.12,33.2,"17,292","62,032","4,617","83,940",0.3
95,"Bolivia, Plurinational State of",Emerging,40.00%,25.00%,17.50%,13.80%,37.80%,48.20%,0.0345,0.1512,0.08,0.2701,0.1277541196,0.5598963155,0.3123495649,35.25,26.66,"31,646","40,353","11,553","83,720",0.3
96,Nepal,Developing,17.50%,15.00%,12.50%,27.00%,13.50%,59.50%,0.0405,0.0236,0.07,0.1385,0.2924187726,0.1705776173,0.5370036101,30.77,24.21,"10,691","47,118","21,381","79,190",0.3
97,Uruguay,Emerging,40.00%,25.00%,17.50%,6.20%,24.10%,69.70%,0.0155,0.0964,0.12,0.2339,0.0662747194,0.4121859968,0.5215392838,60.57,35.32,"18,837","54,478","4,846","78,160",0.3
98,Yemen,Developing,17.50%,15.00%,12.50%,20.30%,11.80%,67.90%,0.0305,0.0207,0.08,0.1360,0.2239382239,0.1518661519,0.6241956242,19.89,30.94,"8,688","49,995","14,947","73,630",0.3
100,Slovenia,Developed,30.00%,40.00%,22.50%,1.80%,32.20%,65.90%,0.0072,0.0966,0.15,0.2521,0.0285629277,0.38321928,0.5882177923,62.63,41.86,"22,936","46,941","1,282","71,230",0.3
101,Bahrain,Emerging,40.00%,25.00%,17.50%,0.30%,39.30%,60.40%,0.0008,0.1572,0.11,0.2637,0.002844680448,0.5962450218,0.4009102977,56.13,39.24,"27,970","42,987",214,"71,170",0.3
102,Afghanistan,Developing,17.50%,15.00%,12.50%,23.00%,21.10%,55.90%,0.0345,0.0369,0.07,0.1413,0.2441613588,0.2613234253,0.4945152159,21.27,21.71,"14,654","38,823","15,974","69,450",0.3
103,Zambia,Emerging,40.00%,25.00%,17.50%,7.50%,35.30%,57.00%,0.0188,0.1412,0.10,0.2597,0.0721986908,0.5437042742,0.384097035,32.36,20.33,"24,332","39,290","5,170","68,930",0.3
104,Democratic Republic of the Congo,Emerging,40.00%,25.00%,17.50%,19.70%,43.60%,36.70%,0.0493,0.1744,0.06,0.2879,0.1710811984,0.6058184976,0.223100304,21.47,16.39,"29,910","25,176","13,514","68,600",0.3
105,Cambodia,Developing,17.50%,15.00%,12.50%,25.30%,32.80%,41.90%,0.0380,0.0574,0.05,0.1477,0.2568962599,0.388559824,0.3545439161,31.88,22.53,"21,061","26,904","16,245","64,210",0.3
106,Luxembourg,Developed,30.00%,40.00%,22.50%,0.30%,12.80%,86.90%,0.0012,0.0384,0.20,0.2351,0.005103668262,0.1633173844,0.8315789474,69.41,46.51,"7,950","53,974",186,"62,110",0.3
107,Libya,Emerging,40.00%,25.00%,17.50%,1.30%,52.30%,46.40%,0.0033,0.2092,0.08,0.2937,0.01106759748,0.7124127363,0.2765196663,25.31,28.1,"32,410","28,754",806,"61,970",0.3
108,Senegal,Developing,17.50%,15.00%,12.50%,16.90%,24.30%,58.80%,0.0254,0.0425,0.07,0.1414,0.1793103448,0.300795756,0.5198938992,42.58,27.67,"13,316","32,222","9,261","54,800",0.3
109,Latvia,Developed,30.00%,40.00%,22.50%,3.90%,22.40%,73.70%,0.0156,0.0672,0.17,0.2486,0.06274509804,0.2702865762,0.6669683258,60.3,38.57,"12,100","39,813","2,107","54,020",0.3
110,El Salvador,Emerging,40.00%,25.00%,17.50%,12.00%,27.70%,60.30%,0.0300,0.1108,0.11,0.2463,0.1217903177,0.4498122399,0.4283974424,32.58,26.31,"14,174","30,856","6,140","51,170",0.3
111,Syrian Arab Republic,Emerging,40.00%,25.00%,17.50%,20.00%,19.50%,60.80%,0.0500,0.0780,0.11,0.2344,0.2133105802,0.3327645051,0.4539249147,18.12,28.13,"9,805","30,570","10,056","50,280",0.3
112,Lao People's Democratic Republic,Emerging,40.00%,25.00%,17.50%,20.90%,33.20%,45.90%,0.0523,0.1328,0.08,0.2654,0.1968911917,0.5004239284,0.3026848799,33.05,25.81,"16,381","22,647","10,312","49,340",0.3
113,Honduras,Emerging,40.00%,25.00%,17.50%,14.20%,28.80%,57.00%,0.0355,0.1152,0.10,0.2505,0.1417448593,0.4599720503,0.3982830904,32.63,30.14,"13,334","26,391","6,575","46,300",0.3
114,Bosnia and Herzegovina,Developed,30.00%,40.00%,22.50%,6.80%,28.90%,64.30%,0.0272,0.0867,0.14,0.2586,0.1051919172,0.3352992362,0.5595088466,36.49,31.68,"12,956","28,826","3,048","44,830",0.3
115,Trinidad and Tobago,Emerging,40.00%,25.00%,17.50%,0.40%,47.80%,51.70%,0.0010,0.1912,0.09,0.2827,0.003537631556,0.6763951534,0.320067215,39.44,32.25,"20,482","22,153",171,"42,850",0.3
116,Estonia,Developed,30.00%,40.00%,22.50%,2.80%,29.20%,68.10%,0.0112,0.0876,0.15,0.2520,0.04444003571,0.347584565,0.6079753993,70.86,52.52,"12,162","28,364","1,166","41,650",0.3
117,Mali,Developing,17.50%,15.00%,12.50%,41.80%,18.10%,40.50%,0.0627,0.0317,0.05,0.1450,0.4324137931,0.2184482759,0.349137931,27.45,19.12,"7,461","16,694","17,230","41,220",0.3
118,Democratic People's Republic of Korea,Emerging,40.00%,25.00%,17.50%,22.50%,47.60%,29.90%,0.0563,0.1904,0.05,0.2990,0.1881428213,0.6368425454,0.1750146333,9.2,14.27,"19,040","11,960","9,000","40,000",0.3
119,Georgia,Emerging,40.00%,25.00%,17.50%,8.20%,23.70%,67.90%,0.0205,0.0948,0.12,0.2341,0.08756006407,0.404911906,0.5075280299,41.27,30.33,"9,444","27,058","3,268","39,850",0.3
120,Madagascar,Developing,17.50%,15.00%,12.50%,24.00%,19.50%,56.40%,0.0360,0.0341,0.07,0.1406,0.256,0.2426666667,0.5013333333,28.47,19.28,"7,771","22,475","9,564","39,850",0.3
121,Mongolia,Emerging,40.00%,25.00%,17.50%,12.10%,38.20%,49.70%,0.0303,0.1528,0.09,0.2700,0.1120266642,0.5658735302,0.3220998056,38.99,27.71,"15,177","19,746","4,807","39,730",0.3
122,Botswana,Emerging,40.00%,25.00%,17.50%,1.80%,27.50%,70.60%,0.0045,0.1100,0.12,0.2381,0.01890359168,0.4620877967,0.5190086116,38.84,29.2,"10,728","27,541",702,"39,010",0.3
123,Mozambique,Developing,17.50%,15.00%,12.50%,23.90%,19.30%,56.80%,0.0359,0.0338,0.07,0.1406,0.2549333333,0.2401777778,0.5048888889,25.62,17.82,"7,158","21,067","8,865","37,090",0.3
124,Gabon,Emerging,40.00%,25.00%,17.50%,5.00%,44.70%,50.40%,0.0125,0.1788,0.09,0.2795,0.04472271914,0.6397137746,0.3155635063,33.09,27.67,"16,387","18,477","1,833","36,660",0.3
125,Nicaragua,Emerging,40.00%,25.00%,17.50%,15.50%,24.40%,60.00%,0.0388,0.0976,0.11,0.2414,0.1605552103,0.4043919619,0.4350528278,29.77,26.33,"8,882","21,840","5,642","36,400",0.3
126,Albania,Emerging,40.00%,25.00%,17.50%,21.70%,24.20%,54.10%,0.0543,0.0968,0.09,0.2457,0.2207752569,0.3939363109,0.3852884322,43.26,31.97,"8,714","19,481","7,814","36,010",0.3
127,Burkina Faso,Developing,17.50%,15.00%,12.50%,31.00%,23.90%,44.90%,0.0465,0.0418,0.06,0.1445,0.3219106957,0.2895465559,0.3885427484,27.5,18.2,"8,568","16,097","11,114","35,850",0.3
128,Zimbabwe,Emerging,40.00%,25.00%,17.50%,12.00%,22.20%,65.80%,0.0300,0.0888,0.12,0.2340,0.1282325283,0.3795682838,0.4921991879,30.71,23.41,"7,608","22,550","4,112","34,270",0.3
129,Brunei Darussalam,Emerging,40.00%,25.00%,17.50%,1.20%,56.60%,42.30%,0.0030,0.2264,0.07,0.3034,0.009887122024,0.746148142,0.2439647359,48.1,41.86,"19,170","14,327",406,"33,870",0.3
130,Cyprus,Developed,30.00%,40.00%,22.50%,2.00%,12.50%,85.50%,0.0080,0.0375,0.19,0.2379,0.03363110878,0.1576458224,0.8087230688,60.84,42.04,"3,973","27,172",636,"31,780",0.3
131,Equatorial Guinea,Emerging,40.00%,25.00%,17.50%,2.50%,54.60%,42.90%,0.0063,0.2184,0.08,0.2997,0.02085244808,0.7286679456,0.2504796063,28.04,26.19,"17,210","13,522",788,"31,520",0.3
132,North Macedonia,Developed,30.00%,40.00%,22.50%,10.90%,26.60%,62.50%,0.0436,0.0798,0.14,0.2640,0.1651358773,0.3022441057,0.532620017,45.4,33.89,"8,254","19,394","3,382","31,030",0.3
133,Papua New Guinea,Emerging,40.00%,25.00%,17.50%,22.10%,42.90%,35.00%,0.0553,0.1716,0.06,0.2881,0.1917736897,0.5956265186,0.2125997917,30.41,22.56,"12,952","10,567","6,672","30,190",0.3
134,Congo,Emerging,40.00%,25.00%,17.50%,9.30%,51.00%,39.70%,0.0233,0.2040,0.07,0.2967,0.07835537956,0.6875052658,0.2341393546,24.19,19.68,"14,989","11,668","2,733","29,390",0.3
135,Chad,Developing,17.50%,15.00%,12.50%,52.30%,14.70%,33.10%,0.0785,0.0257,0.04,0.1456,0.5389900378,0.1767433872,0.2842665751,23.44,16.65,"4,207","9,473","14,968","28,620",0.3
136,Tajikistan,Emerging,40.00%,25.00%,17.50%,28.60%,25.50%,45.90%,0.0715,0.1020,0.08,0.2538,0.2816901408,0.4018516695,0.3164581897,38.78,20.41,"7,250","13,049","8,131","28,430",0.3
137,Armenia,Emerging,40.00%,25.00%,17.50%,16.70%,28.20%,54.80%,0.0418,0.1128,0.10,0.2505,0.1666999401,0.4503892993,0.3829107606,45.22,33.58,"7,992","15,530","4,733","28,340",0.3
138,Mauritius,Emerging,40.00%,25.00%,17.50%,4.00%,21.80%,74.10%,0.0100,0.0872,0.13,0.2269,0.04407713499,0.3843526171,0.5715702479,53.27,30.63,"6,163","20,948","1,131","28,270",0.3
139,Guinea,Developing,17.50%,15.00%,12.50%,19.80%,32.10%,48.10%,0.0297,0.0562,0.06,0.1460,0.2034246575,0.384760274,0.4118150685,27.44,19.99,"8,978","13,454","5,538","27,970",0.3
140,Namibia,Emerging,40.00%,25.00%,17.50%,6.70%,26.30%,67.00%,0.0168,0.1052,0.12,0.2392,0.07002508361,0.4397993311,0.4901755853,35.37,28.3,"6,996","17,822","1,782","26,600",0.3
141,Jamaica,Emerging,40.00%,25.00%,17.50%,7.00%,21.10%,71.90%,0.0175,0.0844,0.13,0.2277,0.07684707432,0.3706224613,0.5525304644,41.32,28.41,"5,499","18,737","1,824","26,060",0.3
142,Benin,Developing,17.50%,15.00%,12.50%,26.10%,22.80%,51.10%,0.0392,0.0399,0.06,0.1429,0.2739198881,0.2791673955,0.4469127165,41.37,24.46,"5,789","12,974","6,627","25,390",0.3
143,Rwanda,Developing,17.50%,15.00%,12.50%,30.90%,17.60%,51.50%,0.0464,0.0308,0.06,0.1415,0.3275039746,0.2176293941,0.4548666313,45.39,27.87,"4,344","12,710","7,626","24,680",0.3
144,"Moldova, Republic of",Developed,30.00%,40.00%,22.50%,17.70%,20.30%,62.00%,0.0708,0.0609,0.14,0.2712,0.2610619469,0.2245575221,0.514380531,,,"4,815","14,706","4,198","23,720",0.3
145,Kyrgyzstan,Emerging,40.00%,25.00%,17.50%,14.60%,31.20%,54.20%,0.0365,0.1248,0.09,0.2562,0.1424946321,0.4872145227,0.3702908452,34.1,22.86,"7,223","12,547","3,380","23,150",0.3
146,Malawi,Developing,17.50%,15.00%,12.50%,28.60%,15.40%,56.00%,0.0429,0.0270,0.07,0.1399,0.3067572399,0.1927064712,0.5005362889,24.87,20.49,"3,453","12,555","6,412","22,420",0.3
147,Niger,Developing,17.50%,15.00%,12.50%,41.60%,19.50%,38.70%,0.0624,0.0341,0.05,0.1449,0.4306418219,0.2355072464,0.3338509317,24.71,15.88,"4,263","8,460","9,094","21,860",0.3
148,Somalia,Developing,17.50%,15.00%,12.50%,60.20%,7.40%,32.50%,0.0903,0.0130,0.04,0.1439,0.6276281494,0.0900086881,0.2823631625,21.98,19.35,"1,513","6,643","12,305","20,440",0.3
149,Haiti,Developing,17.50%,15.00%,12.50%,22.10%,20.30%,57.60%,0.0332,0.0355,0.07,0.1407,0.2356495468,0.2525324329,0.5118180203,21.97,22.89,"4,054","11,503","4,413","19,970",0.3
150,Kosovo,Developed,30.00%,40.00%,22.50%,11.90%,17.70%,70.40%,0.0476,0.0531,0.16,0.2591,0.1837128522,0.2049401775,0.6113469703,,,"3,469","13,798","2,332","19,600",0.3
151,Malta,Developed,30.00%,40.00%,22.50%,1.10%,10.20%,88.70%,0.0044,0.0306,0.20,0.2346,0.01875732708,0.1304486838,0.8507939891,63.64,40.89,"1,965","17,084",212,"19,260",0.3
152,Iceland,Developed,30.00%,40.00%,22.50%,5.80%,19.70%,74.60%,0.0232,0.0591,0.17,0.2502,0.09274435339,0.2362582451,0.6709974016,69.59,52.78,"3,581","13,562","1,054","18,180",0.3
153,Mauritania,Developing,17.50%,15.00%,12.50%,27.80%,29.30%,42.90%,0.0417,0.0513,0.05,0.1466,0.2844474761,0.3497612551,0.3657912688,27.09,22.27,"5,063","7,413","4,804","17,280",0.3
154,Togo,Developing,17.50%,15.00%,12.50%,28.80%,21.80%,49.80%,0.0432,0.0382,0.06,0.1436,0.3008356546,0.2656685237,0.4334958217,29.69,19.96,"2,827","6,459","3,735","12,970",0.3
155,Bahamas,Emerging,40.00%,25.00%,17.50%,2.30%,7.70%,90.00%,0.0058,0.0308,0.16,0.1941,0.02963153826,0.1587219789,0.8116464829,42.14,31.43,929,"10,854",277,"12,060",0.3
156,Eswatini,Emerging,40.00%,25.00%,17.50%,6.50%,45.00%,48.60%,0.0163,0.1800,0.09,0.2813,0.057767508,0.6398862424,0.3023462496,27.05,18.21,"5,220","5,638",754,"11,600",0.3
157,Sierra Leone,Developing,17.50%,15.00%,12.50%,60.70%,6.50%,32.90%,0.0911,0.0114,0.04,0.1436,0.6342737722,0.07924068269,0.2864855451,24.83,18.1,751,"3,800","7,011","11,550",0.3
159,Montenegro,Developed,30.00%,40.00%,22.50%,7.50%,15.90%,76.60%,0.0300,0.0477,0.17,0.2501,0.1199760048,0.1907618476,0.6892621476,47.15,35.53,"1,762","8,487",831,"11,080",0.3
160,Eritrea,Developing,17.50%,15.00%,12.50%,11.70%,29.60%,58.70%,0.0176,0.0518,0.07,0.1427,0.1229637415,0.3629357155,0.514100543,19.62,19.49,"2,783","5,519","1,100","9,402",0.3
161,Suriname,Emerging,40.00%,25.00%,17.50%,11.60%,31.10%,57.40%,0.0290,0.1244,0.10,0.2539,0.1142406933,0.490053181,0.3957061257,35.52,26.85,"2,702","4,987","1,008","8,688",0.3
162,Fiji,Emerging,40.00%,25.00%,17.50%,13.50%,17.40%,69.10%,0.0338,0.0696,0.12,0.2243,0.1504848958,0.3103332962,0.539181808,41.57,35.12,"1,501","5,963","1,165","8,629",0.3
163,Burundi,Developing,17.50%,15.00%,12.50%,39.50%,16.40%,44.20%,0.0593,0.0287,0.06,0.1432,0.4137569832,0.2004189944,0.3858240223,20.87,16.21,"1,313","3,539","3,163","8,007",0.3
164,Monaco,Developed,30.00%,40.00%,22.50%,0.00%,14.00%,86.00%,0.0000,0.0420,0.19,0.2355,0,0.178343949,0.821656051,50.5,39.97,"1,074","6,598",0,"7,672",0.3
165,Timor-Leste,Developing,17.50%,15.00%,12.50%,9.10%,56.70%,34.40%,0.0137,0.0992,0.04,0.1559,0.0875701684,0.6365677626,0.275862069,29.77,21.32,"4,211","2,555",676,"7,426",0.3
166,Bhutan,Developing,17.50%,15.00%,12.50%,16.20%,41.80%,42.00%,0.0243,0.0732,0.05,0.1500,0.162054018,0.4878292764,0.3501167056,36.88,24.31,"3,012","3,026","1,167","7,205",0.3
167,Maldives,Emerging,40.00%,25.00%,17.50%,3.00%,16.00%,81.00%,0.0075,0.0640,0.14,0.2133,0.03516998828,0.3001172333,0.6647127784,31.71,20.79,"1,104","5,590",207,"6,901",0.3
168,Isle of Man,Developed,30.00%,40.00%,22.50%,1.00%,13.00%,86.00%,0.0040,0.0390,0.19,0.2365,0.01691331924,0.1649048626,0.8181818182,,,883,"5,841",68,"6,792",0.3
169,Lesotho,Developing,17.50%,15.00%,12.50%,5.80%,39.20%,54.90%,0.0087,0.0686,0.07,0.1459,0.05961966764,0.4701045057,0.4702758266,26.21,20.46,"2,609","3,654",386,"6,656",0.3
170,Guyana,Emerging,40.00%,25.00%,17.50%,15.40%,15.30%,69.30%,0.0385,0.0612,0.12,0.2210,0.1742278538,0.2769544066,0.5488177396,36.79,27.19,964,"4,367",970,"6,301",0.3
171,Bermuda,Developed,30.00%,40.00%,22.50%,0.90%,5.30%,93.80%,0.0036,0.0159,0.21,0.2306,0.01561483409,0.06896551724,0.9154196487,,,325,"5,747",55,"6,127",0.3
172,Liberia,Developing,17.50%,15.00%,12.50%,34.00%,13.80%,52.20%,0.0510,0.0242,0.07,0.1404,0.3632478632,0.172008547,0.4647435897,22.24,19.9,843,"3,190","2,078","6,112",0.3
173,Jersey,Developed,30.00%,40.00%,22.50%,2.00%,2.00%,96.00%,0.0080,0.0060,0.22,0.2300,0.0347826087,0.02608695652,0.9391304348,,,111,"5,346",111,"5,569",0.3
174,Gambia (Republic of The),Emerging,40.00%,25.00%,17.50%,20.40%,14.20%,65.40%,0.0510,0.0568,0.11,0.2223,0.2294713161,0.255568054,0.5149606299,30.25,20.81,789,"3,634","1,133","5,556",0.3
175,French Polynesia,Emerging,40.00%,25.00%,17.50%,2.50%,13.00%,84.50%,0.0063,0.0520,0.15,0.2061,0.03032140691,0.2522741055,0.7174044876,,,714,"4,639",137,"5,490",0.3
176,Barbados,Emerging,40.00%,25.00%,17.50%,1.50%,9.80%,88.70%,0.0038,0.0392,0.16,0.1982,0.01892266936,0.1978049704,0.7832723603,40.13,32.87,511,"4,628",78,"5,218",0.3
177,Liechtenstein,Developed,30.00%,40.00%,22.50%,7.00%,41.00%,52.00%,0.0280,0.1230,0.12,0.2680,0.1044776119,0.4589552239,0.4365671642,52.63,47.78,"2,041","2,589",348,"4,978",0.3
179,Cabo Verde,Emerging,40.00%,25.00%,17.50%,8.90%,17.50%,73.70%,0.0223,0.0700,0.13,0.2212,0.1005763363,0.3164199345,0.5830037292,36.3,27.24,661,"2,784",336,"3,777",0.3
180,Djibouti,Developing,17.50%,15.00%,12.50%,2.40%,17.30%,80.20%,0.0036,0.0303,0.10,0.1341,0.02684063374,0.225722274,0.7474370923,29.95,29.5,630,"2,919",87,"3,640",0.3
181,Guernsey,Developed,30.00%,40.00%,22.50%,3.00%,10.00%,87.00%,0.0120,0.0300,0.20,0.2378,0.05047318612,0.1261829653,0.8233438486,,,347,"3,015",104,"3,465",0.3
182,Central African Republic,Developing,17.50%,15.00%,12.50%,43.20%,16.00%,40.80%,0.0648,0.0280,0.05,0.1438,0.4506258693,0.1947148818,0.354659249,19.74,17.64,542,"1,383","1,464","3,390",0.3
183,Andorra,Developed,30.00%,40.00%,22.50%,11.90%,33.60%,54.50%,0.0476,0.1008,0.12,0.2710,0.1756295545,0.3719214095,0.4524490361,46.25,35.04,"1,118","1,813",396,"3,327",0.3
184,Belize,Emerging,40.00%,25.00%,17.50%,10.30%,21.60%,68.00%,0.0258,0.0864,0.12,0.2312,0.1113995241,0.3737832576,0.5148172183,34.24,29.09,695,"2,188",331,"3,218",0.3
185,Guinea-Bissau,Developing,17.50%,15.00%,12.50%,50.00%,13.10%,36.90%,0.0750,0.0229,0.05,0.1441,0.5206525512,0.1591461298,0.320201319,24.11,18.81,415,"1,170","1,586","3,171",0.3
187,Seychelles,Emerging,40.00%,25.00%,17.50%,2.50%,13.80%,83.70%,0.0063,0.0552,0.15,0.2079,0.03005891547,0.2654803415,0.7044607431,38.11,19.5,380,"2,302",69,"2,750",0.3
188,Saint Lucia,Emerging,40.00%,25.00%,17.50%,2.90%,14.20%,82.80%,0.0073,0.0568,0.14,0.2090,0.034697296,0.2718353673,0.6934673367,36.46,27.95,361,"2,105",74,"2,542",0.3
190,Greenland,Developed,30.00%,40.00%,22.50%,15.90%,10.10%,73.90%,0.0636,0.0303,0.17,0.2602,0.2444508504,0.1164600749,0.6390890747,,,244,"1,783",384,"2,413",0.3
191,Antigua and Barbuda,Emerging,40.00%,25.00%,17.50%,1.80%,20.80%,77.30%,0.0045,0.0832,0.14,0.2230,0.02018163471,0.3731360018,0.6066823635,39.41,27.56,499,"1,854",43,"2,398",0.3
192,San Marino,Developed,30.00%,40.00%,22.50%,0.10%,39.20%,60.70%,0.0004,0.1176,0.14,0.2546,0.001571246195,0.4619463812,0.5364823726,48.08,44.21,809,"1,253",2,"2,064",0.3
193,Gibraltar,Developed,30.00%,40.00%,22.50%,0.00%,0.00%,100.00%,0.0000,0.0000,0.23,0.2250,0,0,1,,,0,"2,044",0,"2,044",0.3
195,Grenada,Emerging,40.00%,25.00%,17.50%,6.80%,15.50%,77.70%,0.0170,0.0620,0.14,0.2150,0.07907896267,0.2884056286,0.6325154088,34.63,25.48,253,"1,270",111,"1,634",0.3
196,Saint Kitts and Nevis,Emerging,40.00%,25.00%,17.50%,1.10%,30.00%,68.90%,0.0028,0.1200,0.12,0.2433,0.01130175691,0.4931675742,0.4955306689,39.23,28.09,465,"1,068",17,"1,550",0.3
197,Solomon Islands,Developing,17.50%,15.00%,12.50%,34.30%,7.60%,58.10%,0.0515,0.0133,0.07,0.1374,0.374522293,0.09681528662,0.5286624204,29.09,23.41,101,773,456,"1,330",0.3
198,Comoros,Developing,17.50%,15.00%,12.50%,47.70%,11.80%,40.50%,0.0716,0.0207,0.05,0.1428,0.5009627166,0.1445825311,0.3544547523,22.62,20.66,156,534,629,"1,319",0.3
199,Saint Vincent and the Grenadines,Emerging,40.00%,25.00%,17.50%,7.10%,17.40%,75.50%,0.0178,0.0696,0.13,0.2195,0.0808748149,0.317120401,0.6020047841,34.13,24.4,220,955,90,"1,265",0.3
200,Northern Mariana Islands,Emerging,40.00%,25.00%,17.50%,1.70%,58.10%,40.20%,0.0043,0.2324,0.07,0.3070,0.01384364821,0.7570032573,0.2291530945,,,722,499,21,"1,242",0.3
201,Samoa,Emerging,40.00%,25.00%,17.50%,10.40%,23.60%,66.00%,0.0260,0.0944,0.12,0.2359,0.1102161933,0.4001695634,0.4896142433,31.66,22.85,268,750,118,"1,137",0.3
202,Dominica,Emerging,40.00%,25.00%,17.50%,22.30%,12.60%,65.10%,0.0558,0.0504,0.11,0.2201,0.2533227309,0.2290128365,0.5176644326,34.82,24.51,99,510,175,783,0.3
203,Vanuatu,Developing,17.50%,15.00%,12.50%,27.30%,11.80%,60.80%,0.0410,0.0207,0.08,0.1376,0.2976017442,0.1500726744,0.5523255814,31.91,25.23,91,469,211,772,0.3
204,São Tomé and Príncipe,Developing,17.50%,15.00%,12.50%,11.80%,14.80%,73.40%,0.0177,0.0259,0.09,0.1354,0.1307720724,0.1913557444,0.6778721832,26.86,19.96,102,504,81,686,0.3
206,Turks and Caicos Islands,Emerging,40.00%,25.00%,17.50%,0.50%,8.90%,90.60%,0.0013,0.0356,0.16,0.1954,0.006397134084,0.1821903787,0.8114124872,,,56,573,3,632,0.3
207,Tonga,Emerging,40.00%,25.00%,17.50%,19.90%,20.30%,59.80%,0.0498,0.0812,0.10,0.2356,0.2111629881,0.3446519525,0.4441850594,39.01,33.52,120,353,118,591,0.3
208,Saint Martin (French part),Emerging,40.00%,25.00%,17.50%,1.00%,15.00%,84.00%,0.0025,0.0600,0.15,0.2095,0.01193317422,0.2863961814,0.7016706444,,,84,472,6,562,0.3
211,"Micronesia, Federated States of",Emerging,40.00%,25.00%,17.50%,26.30%,18.90%,54.80%,0.0658,0.0756,0.10,0.2373,0.2771338251,0.3186512118,0.4042149631,42.32,30.42,66,191,92,348,0.3
213,Palau,Emerging,40.00%,25.00%,17.50%,3.00%,19.00%,78.00%,0.0075,0.0760,0.14,0.2200,0.03409090909,0.3454545455,0.6204545455,40.22,32.29,50,206,8,264,0.3
214,Saint Pierre and Miquelon,Developed,30.00%,40.00%,22.50%,2.00%,15.00%,83.00%,0.0080,0.0450,0.19,0.2398,0.03336809176,0.1876955162,0.7789363921,,,39,217,5,261,0.3
215,Kiribati,Developing,17.50%,15.00%,12.50%,23.00%,7.00%,70.00%,0.0345,0.0123,0.09,0.1343,0.2569832402,0.09124767225,0.6517690875,27.4,16.64,16,159,52,227,0.3
216,Marshall Islands,Emerging,40.00%,25.00%,17.50%,4.40%,9.90%,85.70%,0.0110,0.0396,0.15,0.2006,0.05484232831,0.1974323819,0.7477252898,35.7,32.26,19,168,9,196,0.3
219,Nauru,Emerging,40.00%,25.00%,17.50%,6.10%,33.00%,60.80%,0.0153,0.1320,0.11,0.2537,0.06012221565,0.5204021289,0.4194756554,46.75,38.54,53,97,10,160,0.3
220,Tuvalu,Developing,17.50%,15.00%,12.50%,24.50%,5.60%,70.00%,0.0368,0.0098,0.09,0.1341,0.274151436,0.07310704961,0.6527415144,37.45,34.01,2,29,10,42,0.3
221,Niue,Emerging,40.00%,25.00%,17.50%,23.50%,26.90%,49.50%,0.0588,0.1076,0.09,0.2530,0.232236387,0.4253384722,0.3424251408,,,3,5,2,10,0.3